市h,^域,,VI及土石袢I,u造I,力及燃夤I,用水供及污染整治I,I建工程I,批l及零售I,\及}I,住宿及餐I,出版、影音u作、鞑ゼ百Y通服I,金融及保UI、制性社安全,不赢aI,I、科W及技g服I,支援服I,教育I,t保健及社工作服I,g、芳靶蓍f服I,其他服I
南投h,全部,24385,23,2119,29,98,2256,9952,657,3768,130,320,307,565,354,460,559,416,2372
南投h,南投市,5917,4,747,3,32,521,2269,147,750,37,87,99,183,102,120,144,112,560
南投h,埔里,4446,2,209,3,8,446,1801,92,825,23,43,76,104,73,74,106,82,479
南投h,草屯,5217,2,584,2,31,525,2033,116,550,41,81,81,152,68,103,144,89,615
南投h,竹山,2619,2,254,5,14,192,1183,55,322,7,22,30,48,29,43,70,51,292
南投h,集集,513,9,23,1,1,45,189,10,116,1,6,2,14,9,8,4,16,59
南投h,名gl,1309,1,135,3,5,119,663,41,100,7,18,6,23,15,18,20,16,119
南投h,鹿谷l,819,0,23,1,1,32,423,7,238,1,13,3,6,16,10,8,6,31
南投h,中寮l,310,0,21,1,1,54,141,13,29,2,7,1,3,1,7,7,4,18
南投h,~池l,973,0,29,2,3,59,307,118,315,3,12,8,15,25,13,9,15,40
南投h,姓l,621,0,34,2,1,86,260,21,118,2,12,0,7,3,13,7,5,50
南投h,水里l,838,3,36,3,1,152,365,26,101,4,9,1,7,5,13,24,10,78
南投h,信xl,320,0,11,1,0,18,138,7,78,0,6,0,1,3,21,10,1,25
南投h,仁坂l,483,0,13,2,0,7,180,4,226,2,4,0,2,5,17,6,9,6
嘉x市,全部,19237,1,1060,13,49,1173,7833,410,2948,113,313,465,802,416,443,527,330,2341
嘉x市,|^,7878,0,400,5,15,453,3115,154,1386,40,105,167,393,158,203,264,99,921
嘉x市,西^,11359,1,660,8,34,720,4718,256,1562,73,208,298,409,258,240,263,231,1420
嘉xh,全部,21750,6,2770,59,116,2164,8535,726,2864,72,278,326,377,340,368,387,267,2095
嘉xh,太保市,1623,0,256,3,8,202,588,45,205,4,16,23,39,30,35,29,20,120
嘉xh,朴子市,2369,0,161,4,10,182,1043,59,321,8,38,21,65,32,42,72,35,276
嘉xh,布袋,926,0,80,5,3,58,403,45,164,3,15,3,13,15,18,13,9,79
嘉xh,大林,1592,2,162,5,8,103,672,44,230,3,21,9,30,21,28,36,16,202
嘉xh,民雄l,4181,0,640,12,14,383,1349,87,701,15,47,219,66,70,60,62,54,402
嘉xh,溪口l,584,0,106,1,3,51,232,8,59,2,6,1,7,11,8,12,6,71
嘉xh,新港l,1099,0,156,2,17,138,485,24,65,5,9,4,17,29,24,19,15,90
嘉xh,六_l,708,0,118,3,4,83,308,58,27,2,12,0,13,8,5,8,11,48
嘉xh,|石l,643,0,55,2,4,43,273,60,90,3,10,2,3,6,9,9,19,55
嘉xh,x竹l,471,0,57,2,3,27,215,14,41,1,13,0,9,5,9,10,3,62
嘉xh,鹿草l,450,1,43,4,5,42,176,39,50,3,8,3,6,1,6,8,2,53
嘉xh,水上l,2422,2,393,6,17,316,889,96,225,6,28,16,41,47,38,26,24,252
嘉xh,中埔l,1994,1,186,4,15,275,775,88,231,6,23,13,37,46,29,28,30,207
嘉xh,竹崎l,1172,0,128,3,4,164,497,35,148,2,13,8,16,8,18,26,11,91
嘉xh,梅山l,744,0,116,1,0,50,341,10,107,2,8,1,12,5,21,18,4,48
嘉xh,番路l,418,0,86,0,1,35,153,8,69,6,5,2,2,4,7,6,4,30
嘉xh,大埔l,85,0,9,1,0,8,31,4,15,0,2,1,1,2,1,2,0,8
嘉xh,阿里山l,269,0,18,1,0,4,105,2,116,1,4,0,0,0,10,3,4,1
基隆市,全部,19592,0,789,7,96,1765,7174,2999,2316,128,209,195,478,300,329,379,519,1909
基隆市,中正^,2943,0,140,0,18,282,1063,434,388,14,40,40,65,50,38,78,44,249
基隆市,七堵^,2775,0,181,2,22,303,968,390,317,18,22,25,75,45,47,51,42,267
基隆市,暖暖^,1638,0,62,0,12,219,509,246,202,17,16,31,38,34,31,21,24,176
基隆市,仁^,4837,0,83,1,6,159,2039,686,594,27,70,35,97,40,69,105,314,512
基隆市,中山^,2118,0,107,1,9,226,660,402,257,10,10,7,47,35,38,40,28,241
基隆市,安^,3040,0,150,1,13,359,1154,476,315,20,20,28,76,53,56,36,36,247
基隆市,信x^,2241,0,66,2,16,217,781,365,243,22,31,29,80,43,50,48,31,217
宜mh,全部,25728,20,2102,33,74,2897,9392,963,4302,115,285,586,666,479,470,503,437,2404
宜mh,宜m市,6224,4,285,6,19,553,2650,208,898,38,89,175,212,124,126,161,125,551
宜mh,_|,5592,8,182,2,6,344,2241,160,959,42,80,191,214,106,157,161,106,633
宜mh,K澳,2231,4,313,4,12,158,866,146,317,1,22,15,36,38,31,31,27,210
宜mh,^城,1403,0,105,2,2,155,611,51,226,3,13,11,15,18,26,21,25,119
宜mh,礁溪l,1765,0,109,1,1,231,534,47,441,6,22,44,28,47,23,23,42,166
宜mh,l,822,0,90,3,5,206,230,48,92,2,6,14,11,11,10,11,8,75
宜mh,T山l,1319,0,132,1,3,269,387,65,211,2,12,15,23,26,13,19,20,121
宜mh,冬山l,2626,4,470,6,14,437,734,112,364,7,12,45,42,46,27,23,44,239
宜mh,五Yl,2536,0,306,3,8,363,771,85,488,9,18,71,73,45,26,30,27,213
宜mh,三星l,951,0,104,3,4,173,273,30,216,5,7,5,11,15,12,15,8,70
宜mh,大同l,127,0,1,1,0,5,53,5,44,0,2,0,1,1,9,2,2,1
宜mh,南澳l,132,0,5,1,0,3,42,6,46,0,2,0,0,2,10,6,3,6
屏|h,全部,40805,20,2212,65,178,3120,17404,816,7330,147,453,427,829,771,763,898,851,4521
屏|h,屏|市,11855,2,655,8,42,804,5034,274,1695,82,193,197,381,238,229,347,206,1468
屏|h,潮州,3766,0,145,15,14,270,1589,51,608,14,37,44,76,56,83,105,106,553
屏|h,|港,2931,0,124,2,9,139,1588,53,469,9,42,19,36,46,42,57,52,244
屏|h,a春,2551,0,42,2,4,149,687,33,1156,5,16,15,26,125,29,20,109,133
屏|h,f丹l,2140,0,214,3,19,303,873,42,242,5,16,10,24,21,37,49,32,250
屏|h,L治l,1308,0,137,1,16,120,533,25,194,5,7,12,28,16,19,20,18,157
屏|h,麟洛l,511,0,23,1,2,29,242,15,72,3,5,2,17,11,9,9,8,63
屏|h,九如l,824,2,73,0,12,119,331,19,109,0,7,4,13,8,19,11,8,89
屏|h,里港l,1434,9,82,6,4,103,686,47,213,1,14,6,25,22,26,20,22,148
屏|h,}埔l,743,0,52,1,8,116,338,18,68,2,6,3,7,13,19,14,16,62
屏|h,高溧l,1080,2,47,1,4,73,529,29,158,1,7,2,21,8,15,25,14,144
屏|h,fnl,737,1,49,1,4,76,295,9,150,2,3,2,11,5,14,6,13,96
屏|h,绕亦l,2935,0,139,7,11,213,1228,44,552,2,19,88,67,52,53,58,51,351
屏|h,竹田l,508,0,58,2,0,50,219,20,71,0,6,3,7,5,7,13,2,45
屏|h,新埤l,325,2,11,1,0,31,147,6,52,1,3,0,2,4,2,9,14,40
屏|h,枋寮l,1296,1,99,4,6,92,563,10,240,3,11,5,18,8,25,25,18,168
屏|h,新@l,1102,0,119,2,8,112,523,17,104,3,9,2,9,19,19,17,26,113
屏|h,l,335,0,36,0,6,49,132,7,25,0,6,1,3,10,6,6,9,39
屏|h,林l,714,0,24,2,2,43,339,12,115,2,6,0,16,14,17,16,15,91
屏|h,南州l,494,0,19,1,0,39,257,13,81,1,6,5,10,6,5,8,7,36
屏|h,佳冬l,587,0,26,1,1,33,267,24,84,1,6,0,10,4,14,11,14,91
屏|h,琉球l,614,0,1,1,2,20,193,16,249,1,3,0,3,47,10,11,30,27
屏|h,城l,401,1,6,1,1,23,171,5,129,0,2,4,6,8,3,3,7,31
屏|h,M州l,211,0,3,1,1,16,85,10,64,2,2,0,0,4,7,2,4,10
屏|h,枋山l,239,0,7,1,0,7,124,3,59,0,4,1,1,1,5,3,2,21
屏|h,三地Tl,194,0,5,0,1,14,74,1,60,0,4,1,2,5,11,4,7,5
屏|h,F_l,65,0,1,0,0,5,22,1,25,0,4,0,1,1,2,1,0,2
屏|h,家l,171,0,6,0,0,10,64,3,50,1,2,0,2,1,4,9,11,8
屏|h,泰武l,168,0,0,0,0,4,59,1,71,0,2,0,3,1,6,3,15,3
屏|h,砹xl,166,0,7,0,0,21,60,2,38,0,1,0,1,1,7,5,9,14
屏|h,春日l,109,0,1,0,0,7,47,3,27,1,2,0,0,1,5,7,1,7
屏|h,{子l,125,0,0,0,0,13,53,1,42,0,0,1,1,0,8,2,1,3
屏|h,牡丹l,166,0,1,0,1,17,52,2,58,0,2,0,2,10,6,2,4,9
彰化h,全部,68342,2,18586,77,320,4598,25402,1208,5283,273,974,905,1507,798,1111,1343,811,5144
彰化h,彰化市,15011,1,3299,7,51,693,5779,293,1469,107,296,253,499,258,276,387,192,1151
彰化h,鹿港,5413,0,1992,5,27,256,1939,65,411,17,65,71,70,29,73,91,58,244
彰化h,和美,5800,0,2397,3,18,355,1822,81,273,22,70,62,70,45,76,75,55,376
彰化h,西l,891,0,475,1,6,77,184,10,44,3,11,7,6,14,5,5,2,41
彰化h,伸港l,1921,0,693,1,9,146,625,31,141,7,18,11,25,23,31,21,17,122
彰化h,福dl,2399,0,1117,0,24,177,658,40,83,3,48,25,28,14,16,13,19,134
彰化h,秀水l,2285,0,1002,1,24,178,671,40,78,5,18,29,20,17,29,30,16,127
彰化h,花l,2519,0,871,3,15,189,797,55,147,9,25,30,53,19,39,42,29,196
彰化h,芬@l,908,0,270,0,2,91,340,13,60,1,7,6,10,10,8,15,9,66
彰化h,T林市,7598,0,959,4,15,441,3217,154,823,43,172,161,294,97,169,230,124,695
彰化h,溪湖,2942,1,646,6,14,201,1210,45,217,7,35,51,63,26,64,70,46,240
彰化h,田中,1834,0,309,2,4,128,825,45,145,4,20,33,29,21,40,46,33,150
彰化h,大村l,1710,0,526,2,8,155,562,28,102,2,15,18,38,28,20,20,23,163
彰化h,埔}l,1507,0,695,1,11,156,447,23,36,1,7,9,20,13,9,11,4,64
彰化h,埔心l,1817,0,610,3,8,135,654,30,74,4,18,19,38,16,13,23,17,155
彰化h,永靖l,1676,0,380,1,2,139,643,21,149,6,17,15,34,17,36,31,22,163
彰化h,社^l,1929,0,731,2,11,136,614,33,106,3,16,18,34,18,30,34,16,127
彰化h,二水l,437,0,62,1,2,40,198,8,25,2,4,3,9,11,9,11,8,44
彰化h,北斗,2148,0,326,4,8,116,869,31,308,7,22,28,55,23,58,55,38,200
彰化h,二林,2523,0,222,5,19,209,1276,62,226,6,25,22,43,31,38,56,42,241
彰化h,田尾l,999,0,178,0,2,106,456,14,61,2,10,7,16,18,13,13,13,90
彰化h,埤^l,1212,0,324,9,5,137,442,24,71,4,16,2,18,20,14,16,11,99
彰化h,芳苑l,913,0,224,4,15,84,364,21,58,4,16,10,9,11,5,11,8,69
彰化h,大城l,431,0,49,3,11,65,194,6,33,1,6,2,2,3,7,6,2,41
彰化h,竹塘l,421,0,58,5,4,59,160,11,36,1,6,3,8,2,13,6,2,47
彰化h,溪州l,1098,0,171,4,5,129,456,24,107,2,11,10,16,14,20,25,5,99
新北市,全部,222688,17,37053,77,811,20897,85362,13584,17331,3443,4007,4487,8620,3717,3496,3957,3034,12795
新北市,板^,30177,1,2617,4,109,3176,12171,1799,2420,504,659,675,1527,566,586,721,446,2196
新北市,三重^,25975,1,5068,6,66,1989,10815,1294,1662,361,434,465,996,372,303,425,317,1401
新北市,中和^,24397,0,3858,4,62,2333,9605,1672,1571,566,480,426,1104,434,251,425,335,1271
新北市,永和^,10498,0,356,2,21,904,4447,561,975,244,272,283,667,224,252,312,177,801
新北市,新f^,25109,1,6220,2,104,2126,8718,1421,1644,263,416,533,794,411,398,422,329,1307
新北市,新店^,14813,0,1290,6,49,1370,5744,1137,1255,472,364,323,796,295,255,311,245,901
新北市,淞^,12158,0,4706,3,61,834,3721,614,551,83,146,178,322,124,136,122,129,428
新北市,L歌^,4668,2,995,2,23,486,2017,170,259,30,51,54,108,49,76,59,36,251
新北市,三{^,4973,2,639,1,24,457,2060,305,505,47,64,70,122,70,118,106,70,313
新北市,淡水^,7693,0,656,5,24,748,2911,385,1081,115,123,193,308,151,155,138,149,551
新北市,汐止^,12975,4,1727,4,37,1278,5515,775,948,288,237,223,549,236,190,163,165,636
新北市,瑞芳^,1995,1,128,3,4,253,811,178,307,10,24,13,29,30,32,28,26,118
新北市,土城^,11867,2,2333,2,33,1455,3859,1098,784,140,183,177,386,221,187,215,155,637
新北市,J洲^,10489,1,2038,1,52,1134,3660,657,833,90,148,242,271,149,199,208,142,664
新北市,五股^,6027,0,2062,1,36,479,1894,343,207,54,138,220,148,66,60,40,47,232
新北市,泰山^,4805,0,976,1,28,423,1945,269,366,27,58,76,109,72,69,64,65,257
新北市,林口^,5467,1,545,16,26,464,2276,263,581,77,112,244,220,83,92,85,81,301
新北市,深坑^,1469,0,150,3,5,157,562,88,183,38,24,14,54,28,19,23,31,90
新北市,石碇^,225,0,8,0,1,14,82,34,63,0,3,0,4,4,2,4,0,6
新北市,坪林^,260,0,4,1,0,8,152,20,53,0,2,1,3,3,2,3,2,6
新北市,三芝^,1117,0,119,0,2,175,333,81,193,6,9,12,24,10,25,14,12,102
新北市,石T^,206,0,7,2,1,37,61,19,40,1,4,3,2,7,5,4,5,8
新北市,八里^,2131,1,460,1,28,226,704,156,174,14,24,47,43,54,35,25,30,109
新北市,平溪^,309,0,2,1,2,11,130,22,115,1,2,1,0,3,3,4,2,10
新北市,p溪^,276,0,3,1,1,26,120,29,56,1,4,0,4,1,5,6,2,17
新北市,寮^,332,0,11,2,3,48,102,25,67,2,7,0,4,26,10,6,5,14
新北市,金山^,1075,0,45,1,7,191,437,67,169,4,7,9,13,15,16,11,17,66
新北市,f里^,942,0,29,2,2,86,442,79,177,4,9,5,13,11,9,8,9,57
新北市,^,260,0,1,0,0,9,68,23,92,1,3,0,0,2,6,5,5,45
新竹市,全部,25633,3,2559,19,118,2250,9625,575,3221,321,711,782,1067,624,604,562,363,2229
新竹市,|^,13230,2,1054,9,48,771,5253,279,1880,215,446,449,516,299,352,342,189,1126
新竹市,北^,8353,1,607,8,31,806,3200,196,991,74,216,266,446,223,190,196,134,768
新竹市,香山^,4050,0,898,2,39,673,1172,100,350,32,49,67,105,102,62,24,40,335
新竹h,全部,27314,13,3373,38,151,2821,9913,726,3396,280,544,750,938,502,623,563,344,2339
新竹h,竹北市,11016,0,1150,16,43,1099,4038,202,1162,182,338,489,591,224,296,250,98,838
新竹h,竹|,4122,4,356,3,27,424,1545,144,494,39,61,70,128,91,92,117,70,457
新竹h,新埔,1245,0,186,1,11,130,510,47,137,5,12,13,19,11,21,26,13,103
新竹h,P西,1026,0,91,2,7,95,413,23,145,5,8,18,25,11,24,26,16,117
新竹h,湖口l,4470,1,827,10,26,484,1507,129,560,15,44,89,80,68,65,64,65,436
新竹h,新Sl,2420,1,385,0,17,252,899,71,284,16,29,48,51,39,62,41,33,192
新竹h,芎林l,819,3,115,1,3,105,267,34,89,6,18,13,17,22,14,12,12,88
新竹h,M山l,512,2,46,1,2,66,204,23,75,1,5,5,3,11,9,5,16,38
新竹h,北埔l,428,0,32,1,0,32,193,14,89,4,4,0,5,5,9,5,10,25
新竹h,山l,584,0,144,2,13,106,142,22,49,7,17,4,11,11,12,6,5,33
新竹h,峨眉l,211,2,39,0,2,20,69,10,41,0,4,1,2,5,3,3,2,8
新竹h,尖石l,292,0,1,0,0,5,85,3,172,0,2,0,1,1,10,5,3,4
新竹h,五峰l,169,0,1,1,0,3,41,4,99,0,2,0,5,3,6,3,1,0
桃@市,全部,111055,17,16173,43,669,10490,42227,4401,11294,901,1885,2560,3545,2462,1927,2032,1675,8754
桃@市,桃@^,25086,0,2013,4,101,2151,10561,839,2239,277,650,841,1313,655,481,635,430,1896
桃@市,中^,21474,1,1881,7,113,1685,8624,707,2656,216,404,572,767,580,374,473,385,2029
桃@市,大溪^,4335,3,608,3,20,562,1648,203,471,24,41,45,105,81,83,60,50,328
桃@市,蠲^,7147,0,1297,1,52,757,2455,328,805,40,88,124,146,134,135,110,98,577
桃@市,J竹^,8902,1,2250,3,77,714,2997,326,754,64,175,214,229,140,170,139,114,535
桃@市,大@^,4722,1,774,3,56,476,1657,440,438,28,65,104,82,103,56,57,51,331
桃@市,山^,9959,2,2298,12,40,771,3387,424,1163,59,128,208,200,182,120,149,148,668
桃@市,八德^,8577,1,1680,2,54,1066,3225,355,564,53,100,139,202,188,114,127,99,608
桃@市,潭^,5512,1,885,2,36,546,1986,187,684,41,57,78,117,81,110,105,95,501
桃@市,平^,9978,2,1223,2,60,1219,3916,404,866,81,137,178,316,220,202,128,133,891
桃@市,新屋^,2435,4,583,1,24,189,842,74,278,9,20,21,31,50,29,21,33,226
桃@市,^音^,2617,1,679,3,36,343,811,102,263,8,17,34,34,42,42,21,32,149
桃@市,团d^,311,0,2,0,0,11,118,12,113,1,3,2,3,6,11,7,7,15
澎湖h,全部,5584,0,206,9,16,461,2202,291,1066,32,78,111,78,414,62,118,90,350
澎湖h,R公市,4360,0,165,5,12,298,1793,194,833,28,59,101,72,324,41,91,67,277
澎湖h,湖西l,478,0,11,2,1,108,125,39,94,2,5,8,1,28,6,7,5,36
澎湖h,白沙l,324,0,17,0,2,24,94,36,63,1,5,1,2,42,6,10,9,12
澎湖h,西Zl,228,0,11,0,1,21,96,6,45,1,5,1,2,6,4,6,3,20
澎湖h,望安l,74,0,1,1,0,2,27,9,12,0,2,0,1,9,4,2,3,1
澎湖h,七美l,120,0,1,1,0,8,67,7,19,0,2,0,0,5,1,2,3,4
_中市,全部,187799,34,33397,93,776,14660,71776,4625,17979,2147,3358,4379,7638,3558,3550,4021,2114,13694
_中市,中^,2505,0,64,1,1,40,1264,58,376,35,70,52,92,56,55,73,106,162
_中市,|^,6600,0,1230,0,14,361,2977,162,565,55,64,89,206,96,109,114,82,476
_中市,南^,8258,1,837,1,16,613,3485,196,873,137,138,183,513,177,140,196,71,681
_中市,西^,12176,0,344,2,23,604,4963,273,1615,297,501,469,1101,363,262,362,132,865
_中市,北^,12282,1,408,7,26,745,5327,281,1464,264,302,406,780,333,226,367,166,1179
_中市,西屯^,18549,0,1647,13,52,1171,7667,468,2047,382,546,779,1102,474,318,405,263,1215
_中市,南屯^,12979,3,1028,4,36,987,5463,220,1275,220,388,482,816,327,331,371,122,906
_中市,北屯^,15803,3,948,9,62,1502,6712,394,1553,233,302,430,829,407,389,429,203,1398
_中市,S原^,11368,2,3181,1,31,488,4089,178,1012,61,151,179,317,153,249,281,122,873
_中市,|^,2545,2,167,1,18,299,1058,49,358,8,22,25,66,33,42,65,29,303
_中市,大甲^,4686,2,1156,2,15,408,1786,98,380,16,68,64,91,38,69,91,62,340
_中市,清水^,4302,1,865,2,23,504,1789,135,280,22,53,45,93,54,81,74,32,249
_中市,沙鹿^,5309,1,665,8,36,451,2287,126,611,44,93,131,124,88,106,95,44,399
_中市,梧^,3664,0,720,4,26,392,1190,414,235,20,52,79,75,59,53,31,53,261
_中市,后里^,2843,1,789,3,26,208,889,72,320,9,21,37,46,38,60,54,25,245
_中市,神^,5382,1,2730,5,28,309,1289,81,319,15,31,30,75,37,65,47,36,284
_中市,潭子^,6238,2,1711,4,34,555,2082,137,535,41,59,100,135,101,107,109,71,455
_中市,大雅^,6410,1,1827,2,27,556,2217,155,496,31,83,110,136,89,115,89,65,411
_中市,新社^,981,0,107,1,27,83,415,20,169,1,8,9,14,6,19,18,17,67
_中市,石^,627,0,137,1,3,64,212,23,70,2,4,5,12,13,10,5,6,60
_中市,外埔^,1403,0,503,1,15,162,433,34,74,2,8,22,20,17,19,19,3,71
_中市,大安^,811,0,361,1,6,130,191,15,23,1,8,2,6,9,7,9,8,34
_中市,跞^,5066,3,1567,4,27,465,1794,141,279,28,35,65,126,92,73,84,33,250
_中市,大肚^,2971,2,840,1,10,330,1074,103,178,8,27,27,60,32,54,48,15,162
_中市,井^,4029,0,943,3,41,418,1328,105,410,32,33,68,101,71,64,54,46,312
_中市,F峰^,4351,5,1004,5,20,403,1495,86,518,20,39,65,96,45,73,66,48,363
_中市,太平^,11341,1,4055,1,62,1074,3242,276,716,61,83,181,233,160,178,200,114,704
_中市,大里^,13969,1,3551,3,71,1327,4921,321,1094,101,162,245,372,187,264,260,136,953
_中市,和平^,351,1,12,3,0,11,137,4,134,1,7,0,1,3,12,5,4,16
_北市,全部,202580,16,7237,94,369,9372,86708,9909,19244,7896,11184,6796,16826,4697,3459,4219,3275,11279
_北市,松山^,19626,2,451,10,36,896,7782,1106,1695,910,1363,841,2113,485,332,366,314,924
_北市,信x^,19997,2,473,8,45,1052,8165,814,1610,1104,1403,762,2353,427,269,352,244,914
_北市,大安^,28007,3,615,18,29,1136,10956,698,2978,1402,1961,1240,3134,510,566,855,412,1494
_北市,中山^,33497,4,1004,17,47,1407,13539,1587,2974,1242,2424,1465,2904,1621,335,561,591,1775
_北市,中正^,17840,4,394,16,21,596,7514,728,1891,895,1167,594,1781,381,442,327,323,766
_北市,大同^,13488,1,622,3,18,445,7663,425,867,317,573,373,799,217,116,211,163,675
_北市,fA^,14276,0,591,1,35,506,8176,677,1283,228,225,204,541,188,135,222,355,909
_北市,文山^,9288,0,204,1,28,731,3548,781,1251,233,187,155,553,147,268,250,162,789
_北市,南港^,6717,0,527,4,19,440,2593,544,661,277,292,128,386,131,88,108,78,441
_北市,群^,17524,0,1142,9,41,976,7336,1024,1345,887,1012,576,1208,284,352,299,192,841
_北市,士林^,13376,0,840,3,22,630,5795,780,1642,242,378,294,659,167,328,377,280,939
_北市,北投^,8944,0,374,4,28,557,3641,745,1047,159,199,164,395,139,228,291,161,812
_南市,全部,111633,9,16308,102,447,7412,44534,2305,14579,788,2020,1971,3346,1850,2075,2443,1492,9952
_南市,新I^,4587,0,357,7,20,318,1918,106,661,30,98,82,127,71,106,158,64,464
_南市,}水^,1045,0,112,2,6,97,461,25,151,2,12,7,18,15,14,23,20,80
_南市,白河^,1398,0,70,2,9,86,585,40,290,1,16,3,24,31,25,27,23,166
_南市,柳I^,887,0,129,1,5,68,319,18,141,1,9,9,16,20,17,9,11,114
_南市,後壁^,768,0,106,2,5,98,298,41,84,0,10,2,10,15,8,13,8,68
_南市,|山^,570,0,39,2,0,55,271,18,88,1,11,0,8,7,10,14,5,41
_南市,麻豆^,2458,0,226,1,14,154,1141,72,333,10,26,32,55,34,45,53,34,228
_南市,下I^,858,0,78,1,1,83,376,13,130,2,8,2,15,18,18,17,15,81
_南市,六甲^,938,0,60,3,2,60,441,14,148,2,7,3,27,6,27,20,16,102
_南市,官田^,969,2,212,5,3,73,355,27,126,2,15,6,14,6,14,13,8,88
_南市,大^,278,0,22,1,1,22,119,10,44,1,6,3,2,4,3,5,7,28
_南市,佳里^,3330,1,332,4,12,187,1466,45,461,10,56,35,74,50,67,80,50,400
_南市,W甲^,1108,0,139,3,6,52,594,19,92,2,20,5,21,7,17,25,18,88
_南市,西港^,1112,0,248,2,2,121,402,20,116,4,7,8,24,10,24,17,13,94
_南市,七股^,551,0,108,1,2,68,185,14,72,3,5,1,3,11,4,6,21,47
_南市,④^,474,0,83,2,0,31,196,20,58,3,9,0,7,6,6,8,1,44
_南市,北T^,194,0,21,1,1,16,104,4,18,1,7,0,1,1,4,6,3,6
_南市,新化^,2093,0,241,1,8,244,904,37,230,16,30,23,40,23,42,61,31,162
_南市,善化^,2155,1,284,2,4,192,776,62,331,9,33,40,42,39,41,57,47,195
_南市,新市^,2288,0,438,1,18,210,815,48,315,15,33,38,45,43,47,39,32,151
_南市,安定^,1577,0,557,1,10,138,483,40,126,5,11,16,25,14,21,9,18,103
_南市,山上^,271,0,68,2,3,31,97,3,30,1,4,0,4,3,4,4,3,14
_南市,玉井^,815,0,21,1,2,51,381,19,172,1,6,1,15,7,16,19,12,91
_南市,楠西^,371,0,18,2,3,20,180,7,72,0,3,0,2,6,8,8,1,41
_南市,南化^,184,0,6,2,3,30,83,8,22,1,3,0,0,1,7,3,0,15
_南市,左^,110,0,4,1,0,14,53,2,15,0,3,0,1,1,2,3,0,11
_南市,仁德^,5622,0,1787,11,40,414,1788,135,503,32,76,84,97,79,52,67,71,386
_南市,w仁^,3426,0,731,4,24,325,1162,59,386,19,36,51,79,61,80,73,44,292
_南市,PR^,1382,0,309,3,4,117,611,14,112,2,14,8,24,14,26,22,18,84
_南市,崎^,77,0,7,0,1,6,30,9,10,0,3,0,0,1,1,2,3,4
_南市,永康^,15603,1,3665,8,59,1098,5518,302,1574,125,290,313,408,299,282,289,186,1186
_南市,|^,12558,0,546,3,40,617,5195,258,1992,177,295,348,590,298,344,386,161,1308
_南市,南^,8297,0,1085,0,42,497,3418,180,1070,53,103,127,272,126,105,186,100,933
_南市,北^,8854,1,762,2,22,461,3790,176,1107,86,208,236,371,163,181,259,136,893
_南市,安南^,10658,1,2851,11,61,844,3821,251,957,59,93,120,245,143,172,145,123,761
_南市,安平^,4280,1,220,4,4,325,1742,70,625,39,104,201,294,90,95,80,41,345
_南市,中西^,9487,1,366,3,10,189,4456,119,1917,73,350,167,346,127,140,237,148,838
_|h,全部,11167,19,353,23,28,850,4507,325,2504,47,147,144,213,324,208,226,297,952
_|h,_|市,6615,13,212,6,17,545,2625,190,1379,38,84,126,167,188,101,140,172,612
_|h,成功,584,1,18,1,3,60,247,16,112,1,8,2,11,7,10,13,12,62
_|h,P山,486,0,23,1,0,43,204,14,95,1,7,3,9,12,8,11,12,43
_|h,卑南l,574,0,12,2,3,43,246,33,141,1,4,3,6,22,8,9,12,29
_|h,鹿野l,346,1,19,1,0,18,157,9,66,1,7,0,5,9,7,5,12,29
_|h,池上l,458,0,23,2,1,27,216,10,97,2,3,3,3,17,6,9,8,31
_|h,|河l,283,0,8,2,0,14,128,14,70,0,5,4,1,2,8,4,8,15
_|h,LIl,258,0,5,1,0,13,130,5,52,0,11,0,2,2,5,5,4,23
_|h,太麻里l,474,0,18,2,2,26,200,12,112,1,7,1,5,5,6,7,13,57
_|h,大武l,245,3,3,1,0,21,104,3,57,1,3,0,3,2,7,6,5,26
_|h,Gul,295,0,0,2,1,8,55,6,140,0,2,2,0,35,14,3,15,12
_|h,海端l,92,0,1,0,0,8,49,2,11,0,2,0,0,1,9,2,5,2
_|h,延平l,65,0,3,0,0,3,25,4,13,0,1,0,1,0,5,3,5,2
_|h,金峰l,73,1,4,0,0,8,32,0,11,0,0,0,0,2,6,5,3,1
_|h,_仁l,82,0,1,0,0,4,43,1,16,0,1,0,0,1,4,2,6,3
_|h,mZl,237,0,3,2,1,9,46,6,132,1,2,0,0,19,4,2,5,5
花h,全部,18907,35,851,21,63,1660,7395,990,3695,95,243,345,437,428,321,371,296,1661
花h,花市,8160,11,277,3,25,552,3233,357,1718,57,134,194,239,221,151,186,131,671
花h,P林,557,0,18,2,1,52,231,19,110,2,13,0,5,9,8,13,8,66
花h,玉里,1126,2,53,2,2,88,497,41,195,4,14,9,20,25,24,26,21,103
花h,新城l,1000,2,61,4,1,81,374,98,190,3,11,16,16,21,12,10,17,83
花h,吉安l,4779,10,318,3,30,641,1661,326,719,21,36,103,122,97,58,71,68,495
花h,圬Sl,926,4,30,1,1,93,292,47,297,3,9,16,14,20,10,12,9,68
花h,光袜l,641,0,23,1,1,52,314,15,120,1,6,4,9,4,10,11,9,61
花h,SIl,146,0,2,1,0,3,70,6,46,0,2,0,0,1,3,3,4,5
花h,瑞穗l,581,0,35,1,1,37,272,25,102,2,7,3,4,13,7,8,10,54
花h,富里l,452,1,18,1,0,27,225,16,90,1,7,0,4,6,8,5,8,35
花h,秀林l,359,5,15,2,1,24,139,24,78,1,3,0,2,10,16,17,5,17
花h,fsl,97,0,1,0,0,7,43,9,17,0,0,0,2,1,6,5,4,2
花h,卓溪l,83,0,0,0,0,3,44,7,13,0,1,0,0,0,8,4,2,1
苗栗h,全部,24868,26,2790,28,127,2868,9628,679,2884,129,331,504,628,457,465,478,433,2413
苗栗h,苗栗市,4915,5,191,4,19,464,1979,159,637,39,75,132,184,121,101,131,135,539
苗栗h,苑e,2223,1,450,1,10,260,854,29,182,7,21,28,47,32,37,38,27,199
苗栗h,通霄,1134,1,200,4,8,151,412,47,85,3,15,12,20,23,16,15,14,108
苗栗h,竹南,4632,0,754,6,24,527,1726,79,459,30,71,121,146,67,100,82,60,380
苗栗h,^份市,4748,5,425,0,26,629,1738,139,490,22,79,144,115,96,76,94,111,559
苗栗h,後,1452,1,143,1,14,243,609,39,125,2,9,20,21,26,25,25,13,136
苗栗h,卓m,566,0,33,2,0,43,247,19,89,2,4,3,9,6,16,11,7,75
苗栗h,大湖l,467,0,21,1,0,31,213,10,83,2,6,7,7,5,6,11,6,58
苗栗h,公^l,1154,3,123,1,6,151,408,52,134,6,13,17,25,22,24,21,24,124
苗栗h,~l,789,5,165,3,4,74,285,28,86,5,7,9,16,11,13,9,8,61
苗栗h,南庄l,388,1,9,1,0,28,138,11,151,2,4,0,2,2,8,5,5,21
苗栗h,^屋l,364,1,42,0,2,66,124,9,38,1,5,1,13,11,4,6,6,35
苗栗h,三xl,976,2,97,1,4,66,526,18,138,2,5,4,9,13,14,12,13,52
苗栗h,西湖l,155,0,22,0,4,16,66,9,15,0,3,0,5,1,2,4,0,8
苗栗h,造蜞l,399,0,83,1,4,68,117,19,38,1,7,6,3,13,7,6,1,25
苗栗h,三赤l,262,1,25,1,2,36,99,6,39,4,2,0,6,3,5,3,2,28
苗栗h,{潭l,113,0,7,1,0,13,47,2,27,1,3,0,0,4,2,1,0,5
苗栗h,泰安l,131,0,0,0,0,2,40,4,68,0,2,0,0,1,9,4,1,0
B江h,全部,851,0,16,5,9,82,232,104,228,12,11,3,12,31,11,12,36,47
B江h,南竿l,518,0,12,2,4,51,163,63,113,8,6,3,7,22,7,5,23,29
B江h,北竿l,161,0,2,1,1,17,35,29,48,1,2,0,3,7,1,2,3,9
B江h,莒光l,66,0,1,1,2,8,14,5,21,2,2,0,0,1,2,3,4,0
B江h,|引l,106,0,1,1,2,6,20,7,46,1,1,0,2,1,1,2,6,9
金Th,全部,3444,0,88,9,11,555,1182,276,555,15,39,117,74,124,50,65,71,213
金Th,金城,1464,0,20,4,3,155,551,70,281,7,24,57,35,61,28,34,32,102
金Th,金沙,404,0,7,0,2,102,129,59,37,0,2,7,9,7,6,6,7,24
金Th,金湖,885,0,35,3,5,140,310,91,126,5,7,35,15,27,7,16,21,42
金Th,金l,487,0,17,0,1,127,125,38,77,3,3,17,12,22,5,7,7,26
金Th,烈Zl,199,0,9,2,0,31,65,17,33,0,2,1,3,7,4,2,4,19
金Th,wl,5,0,0,0,0,0,2,1,1,0,1,0,0,0,0,0,0,0
林h,全部,31156,12,2921,84,158,3049,13985,691,3466,113,424,401,685,395,569,654,503,3046
林h,斗六市,6989,2,605,8,29,580,2804,132,969,30,111,154,236,125,160,179,136,729
林h,斗南,2404,2,285,3,10,181,1058,85,220,8,35,35,51,25,35,48,51,272
林h,虎尾,4123,1,379,12,22,364,1696,85,489,29,82,113,113,65,87,101,64,421
林h,西螺,2144,0,170,2,4,108,1268,53,156,3,22,25,38,15,26,47,38,169
林h,土戽,1511,0,128,2,8,170,719,22,179,2,18,7,26,4,36,17,22,151
林h,北港,2417,0,166,2,7,112,1241,39,329,6,34,10,45,21,53,64,38,250
林h,古坑l,1089,1,87,1,4,99,476,20,218,3,8,3,16,20,15,18,6,94
林h,大埤l,659,0,115,1,8,68,333,16,24,1,6,0,6,5,10,10,8,48
林h,桐l,1382,1,206,1,9,174,559,37,145,2,11,5,11,12,16,29,17,147
林h,林揉l,665,1,70,2,5,70,281,8,97,2,5,3,8,8,8,16,7,74
林h,二l,843,0,107,4,0,59,412,20,88,4,8,10,16,4,7,13,11,80
林h,背l,919,0,89,6,2,102,482,9,55,6,10,4,15,9,16,23,16,75
林h,寮l,1846,2,169,13,10,412,639,22,214,3,13,17,40,31,28,21,40,172
林h,|萼l,463,0,32,5,2,78,231,11,25,1,8,1,9,3,8,7,4,38
林h,褒忠l,437,0,61,2,3,62,197,8,25,2,6,2,4,3,10,10,7,35
林h,_西l,613,1,24,3,8,116,301,8,51,1,8,1,13,12,8,10,6,42
林h,元Ll,763,0,85,4,7,59,339,91,37,4,8,8,9,12,17,13,9,61
林h,四湖l,497,0,27,4,7,65,247,4,53,2,10,0,9,4,5,11,5,44
林h,口湖l,630,1,53,6,7,92,316,11,29,3,8,1,10,10,11,7,8,57
林h,水林l,762,0,63,3,6,78,386,10,63,1,13,2,10,7,13,10,10,87
高雄市,全部,167328,23,14586,102,912,14377,68761,6251,20407,1456,3219,2738,5475,3575,3101,3866,2180,16299
高雄市,}埕^,2326,0,83,2,1,90,1241,114,310,20,68,38,57,31,19,46,30,176
高雄市,鼓山^,6677,1,336,2,20,491,2706,259,806,97,219,242,333,146,144,182,68,625
高雄市,左I^,11683,0,361,1,43,935,5048,291,1523,124,254,321,533,296,278,386,140,1149
高雄市,楠梓^,9223,0,439,3,43,841,3612,319,1547,55,105,114,240,204,225,239,103,1134
高雄市,三民^,25021,2,1315,7,95,1898,11353,672,3040,284,424,361,1022,532,469,633,303,2611
高雄市,新d^,6575,1,139,2,11,231,3067,134,900,74,310,181,307,152,117,195,106,648
高雄市,前金^,3517,1,76,0,7,149,1127,183,557,45,191,113,291,201,60,97,73,346
高雄市,苓雅^,15512,2,491,1,46,1092,6394,918,1900,241,503,411,779,425,258,374,208,1469
高雄市,前^,11857,0,932,10,60,1065,4634,905,1220,172,256,216,436,299,178,250,143,1081
高雄市,旗津^,1002,0,94,1,1,51,445,37,215,2,7,1,7,15,16,12,18,80
高雄市,小港^,6656,0,610,5,77,832,2342,456,822,42,77,74,131,200,138,127,88,635
高雄市,P山^,20051,1,1224,7,110,2102,8574,711,2387,131,235,232,541,336,399,476,327,2258
高雄市,林@^,2589,1,285,21,17,383,928,77,298,7,24,14,44,45,65,53,46,281
高雄市,大寮^,6377,2,1322,4,110,769,2397,208,488,26,55,62,104,98,83,96,53,500
高雄市,大^,2067,2,296,1,11,203,884,61,248,7,18,10,30,23,42,33,26,172
高雄市,大社^,2708,0,508,3,27,265,957,80,361,7,12,32,38,42,33,41,42,260
高雄市,仁武^,6129,2,1257,2,54,697,2446,177,457,22,36,67,135,94,67,83,64,469
高雄市,B松^,2209,0,353,0,17,231,962,59,178,18,37,26,52,28,35,30,29,154
高雄市,山^,6408,1,1427,3,56,429,2349,117,669,31,127,107,129,115,121,137,86,504
高雄市,蝾^^,1937,0,234,2,5,162,788,41,252,11,27,20,43,40,39,35,30,208
高雄市,燕巢^,1742,1,522,2,19,158,575,33,190,5,18,10,14,26,17,28,8,116
高雄市,田寮^,172,0,30,0,0,9,60,4,41,0,4,1,0,2,2,3,1,15
高雄市,阿^,1584,1,339,1,16,126,582,22,224,5,18,1,16,16,26,26,11,154
高雄市,路竹^,2994,0,711,3,18,200,1003,136,327,9,51,31,61,52,61,63,26,242
高雄市,湖^,1541,1,411,2,14,133,511,43,162,1,32,13,19,29,22,23,14,111
高雄市,茄b^,733,0,106,0,3,41,310,17,82,2,5,5,9,4,19,25,15,90
高雄市,永安^,529,0,121,2,7,44,193,13,74,1,10,2,3,4,8,7,1,39
高雄市,陀^,672,0,105,1,1,88,308,8,54,2,10,0,6,13,15,8,6,47
高雄市,梓官^,1565,0,240,2,5,191,638,26,140,4,14,11,21,36,35,23,21,158
高雄市,旗山^,2408,2,91,4,9,211,1086,43,385,4,30,18,42,25,43,73,45,297
高雄市,美^,1081,1,67,3,5,84,475,38,190,4,18,1,12,13,21,30,17,102
高雄市,六^,490,1,18,1,1,49,212,8,106,1,5,2,8,8,7,7,9,47
高雄市,甲仙^,320,0,10,1,0,37,144,7,58,2,3,1,4,1,4,5,4,39
高雄市,杉林^,307,0,9,1,1,26,138,5,57,0,3,0,4,3,11,7,7,35
高雄市,乳T^,462,0,23,1,2,48,185,26,87,0,6,0,3,15,11,6,6,43
高雄市,茂林^,67,0,0,0,0,8,28,1,15,0,1,0,0,3,4,2,4,1
高雄市,桃源^,81,0,1,1,0,5,38,1,18,0,3,0,1,3,5,2,2,1
高雄市,那夏^,56,0,0,0,0,3,21,1,19,0,3,0,0,0,4,3,0,2
